{"stats":{"minecraft:custom":{"minecraft:jump":2,"minecraft:time_since_rest":934,"minecraft:deaths":1,"minecraft:leave_game":3,"minecraft:crouch_one_cm":240,"minecraft:play_time":7938,"minecraft:damage_taken":345,"minecraft:time_since_death":904,"minecraft:walk_one_cm":56,"minecraft:sneak_time":88,"minecraft:total_world_time":7938,"minecraft:drop":1,"minecraft:fly_one_cm":318},"minecraft:used":{"minecraft:dirt":1},"minecraft:mined":{"minecraft:grass_block":1,"minecraft:dirt":1},"minecraft:picked_up":{"minecraft:dirt":3},"minecraft:dropped":{"minecraft:dirt":1}},"DataVersion":3465}