{"stats":{"minecraft:mined":{"minecraft:large_fern":1,"projectvibrantjourneys:cattail":3,"minecraft:tall_seagrass":1,"minecraft:ice":2,"projectvibrantjourneys:bones":2,"minecraft:spruce_log":2,"minecraft:grass":1,"projectvibrantjourneys:twigs":11,"projectvibrantjourneys:mossy_rocks":1,"minecraft:tall_grass":1},"minecraft:custom":{"minecraft:time_since_rest":12,"minecraft:sprint_one_cm":34134,"minecraft:damage_taken":854,"minecraft:walk_one_cm":30502,"minecraft:mob_kills":10,"minecraft:drop":3,"minecraft:damage_dealt":722,"minecraft:swim_one_cm":4174,"minecraft:fly_one_cm":59913,"minecraft:play_time":15633,"minecraft:deaths":3,"minecraft:walk_under_water_one_cm":8601,"minecraft:jump":221,"minecraft:leave_game":1,"minecraft:time_since_death":0,"minecraft:walk_on_water_one_cm":11943,"minecraft:total_world_time":15633,"minecraft:fall_one_cm":5840},"minecraft:picked_up":{"minecraft:stick":22,"marbledsarsenal:police_baton":1,"minecraft:copper_ingot":1,"projectvibrantjourneys:bark_mushroom":1,"projectvibrantjourneys:bones":2,"pointblank:gunmetal_nugget":10,"minecraft:lily_pad":1,"minecraft:spruce_log":4,"minecraft:gunpowder":2,"marbledsarsenal:cm6m_gas_mask":1,"minecraft:string":2,"alexsmobs:animal_dictionary":1,"pointblank:m1911a1":1,"pointblank:ammo45acp":136,"alexsmobs:raw_catfish":1,"minecraft:leather_boots":1,"minecraft:bone":5,"minecraft:rotten_flesh":4,"pointblank:hs12":1,"minecraft:wheat_seeds":2,"projectvibrantjourneys:cattail":2,"minecraft:bread":10},"minecraft:killed":{"alexsmobs:catfish":1,"minecraft:zombie":5,"hordes:zombie_player":1,"minecraft:zombie_villager":1,"minecraft:drowned":1,"hordes:drowned_player":1},"minecraft:killed_by":{"hordes:zombie_player":1,"minecraft:zombie":2},"minecraft:dropped":{"minecraft:bread":1,"pointblank:hs12":1,"projectvibrantjourneys:bark_mushroom":1},"minecraft:used":{"minecraft:bread":2,"marbledsarsenal:police_baton":13,"minecraft:leather_boots":1,"projectvibrantjourneys:cattail":2,"marbledsarsenal:cm6m_gas_mask":1}},"DataVersion":3465}